{"type": "block", "layer": 2, "block": 3, "features": [{"geom": {"polygons": [[[[-2.0457701959749164, -1.9547117288213058], [-4.507970996027422, -3.9727115254967305], [-4.627801072440923, -3.8121444889182574], [-4.828729359342788, -3.5361499388500564], [-5.029482161049431, -3.2514729663473503], [-5.225876266002205, -2.9637716948744077], [-5.4178661218998725, -2.6731128548240295], [-5.60540719797597, -2.3795638625737507], [-5.788455995329366, -2.0831928048550195], [-5.966970057013671, -1.7840684229529333], [-2.8444480834000805, -0.12107547861960392], [-2.7652631339239955, -0.33601203182337847], [-2.682814579602255, -0.549717937256975], [-2.597121537560998, -0.7621436434970633], [-2.508203877219067, -0.9732398959663735], [-2.41608221567583, -1.1829577483308988], [-2.3207779129377606, -1.3912485738751952], [-2.2223130669598468, -1.5980640767601972], [-2.1649146293294006, -1.7176603254898994], [-2.106064096678301, -1.8365487528472557], [-2.0457701959749164, -1.9547117288213058]]]], "centroids": [[-3.9386112730742164, -1.9947559985778174, 9.775349326659969]], "h": 0.42259451294924866}, "mtl": {"face": 0}, "prop": ["153", "1", "199", "LWPolyline", "ANE", "8", "HIDDEN", "0", "25", "", "NULL", "Text", "NumLote", "7", "0", "134", "Planta de Síntese_base$0$S3", "134", "120,90830420334689", "875,0452230394934"], "lh": 0.0}, {"geom": {"polygons": [[[[-13.134224614940276, -5.745685328853264], [-15.464273825221564, -7.331669524027821], [-15.658723421606796, -7.0236199887790045], [-15.849702500836266, -6.713406912012153], [-15.871238049790277, -6.677931095740986], [-16.091460716459604, -6.309147295906723], [-16.3067825090708, -5.937480725492241], [-16.51716569785685, -5.562996509786968], [-14.0122744674759, -4.270723567637182], [-13.832746224425236, -4.5885755644919195], [-13.649315484449426, -4.9041915425248535], [-13.462010092818238, -5.217523590397439], [-13.299502500378141, -5.482464103318525], [-13.134224614940276, -5.745685328853264]]]], "centroids": [[-14.82642104227626, -5.75422975991121, 9.8407649832309]], "h": 0.42259451294924866}, "mtl": {"face": 0}, "prop": ["154", "1", "200", "LWPolyline", "ANE", "8", "HIDDEN", "0", "25", "", "NULL", "Text", "NumLote", "7", "0", "158", "Planta de Síntese_base$0$S3", "158", "100,23063125358841", "603,046247425675"], "lh": 0.0}, {"geom": {"polygons": [[[[-11.01020691405194, -8.676917731229974], [-13.129491548635174, -10.535236537667435], [-13.351318541258939, -10.263998781228166], [-13.58941180666905, -9.96607902338204], [-13.823987233286616, -9.665381576808649], [-14.05501241842585, -9.361947977846881], [-14.232323350234527, -9.123944234072917], [-14.407450005098715, -8.884328701720097], [-12.077388649947773, -7.298336239949582], [-11.778625881968724, -7.701454009342925], [-11.473079398572999, -8.099454604839924], [-11.160836828789849, -8.492223882085616], [-11.01020691405194, -8.676917731229974]]]], "centroids": [[-12.696958053842073, -8.880274781516992, 9.159330041444129]], "h": 0.42259451294924866}, "mtl": {"face": 0}, "prop": ["155", "1", "201", "LWPolyline", "ANE", "8", "HIDDEN", "0", "25", "", "NULL", "Text", "NumLote", "7", "0", "160", "Planta de Síntese_base$0$S3", "160", "100,83047914814291", "612,040814609989"], "lh": 0.0}, {"geom": {"polygons": [[[[-17.9314573099352, -6.879940708766854], [-20.3370924107381, -8.342384492828096], [-20.62910589404472, -7.82394760534464], [-20.912787178873053, -7.300904959496925], [-21.18806364114644, -6.773390457275481], [-18.65001454065622, -5.554908609576232], [-18.628967692629487, -5.595771786504203], [-18.48082708262573, -5.879661815903909], [-18.330044700506892, -6.162157589972617], [-18.13289705247999, -6.5222408566626475], [-17.9314573099352, -6.879940708766854]]]], "centroids": [[-19.566475048640484, -6.909257101413872, 9.561732838620646]], "h": 0.42259451294924866}, "mtl": {"face": 0}, "prop": ["156", "1", "202", "LWPolyline", "ANE", "8", "HIDDEN", "0", "25", "", "NULL", "Text", "NumLote", "7", "0", "190", "Planta de Síntese_base$0$S3", "190", "95,01869344131946", "525,3576894880143"], "lh": 0.0}, {"geom": {"polygons": [[[[-16.110249115283487, -9.732675250362215], [-18.360281096458152, -11.424987277610871], [-18.701868634333565, -10.937783581030436], [-19.03561733991267, -10.445176953471979], [-19.361441771373222, -9.947293505406781], [-16.95579763018827, -8.484844225478723], [-16.692643923643985, -8.885999136106355], [-16.423909390422793, -9.283437038480242], [-16.1496465243886, -9.677080298174873], [-16.110249115283487, -9.732675250362215]]]], "centroids": [[-17.734364366486922, -9.922807315296064, 10.191167771483443]], "h": 0.42259451294924866}, "mtl": {"face": 0}, "prop": ["157", "1", "203", "LWPolyline", "ANE", "8", "HIDDEN", "0", "25", "", "NULL", "Text", "NumLote", "7", "0", "191", "Planta de Síntese_base$0$S3", "191", "95,01915421736646", "525,3619234415241"], "lh": 0.0}, {"geom": {"polygons": [[[[31.918405948332072, 13.784403595377874], [29.266787990141484, 12.828568423048], [29.10434298152136, 13.338901142959237], [28.95048052472885, 13.851886727772833], [28.80524390835768, 14.367380851021867], [28.66867399415781, 14.885238480464032], [31.427903397857616, 15.46735300213272], [31.541012708041606, 15.043893819783277], [31.660484530190868, 14.6221855333129], [31.786291782815702, 14.20232373420258], [31.918405948332072, 13.784403595377874]]]], "centroids": [[30.266005365372163, 14.225849927781177, 11.152884749590262]], "h": 0.42259451294924866}, "mtl": {"face": 0}, "prop": ["158", "1", "204", "LWPolyline", "ANE", "8", "HIDDEN", "0", "25", "", "NULL", "Text", "NumLote", "7", "0", "39", "Planta de Síntese_base$0$S3", "39", "101,52406783038572", "622,2219287295891"], "lh": 0.0}, {"geom": {"polygons": [[[[-2.8186142710316995, 10.909897958437796], [-3.5014030909758964, 13.803965319172152], [-0.7533674394297418, 14.383718295381478], [-0.04357777606337487, 11.491178321841549], [-1.3383250622271414, 11.21802553644834], [-2.8186142710316995, 10.909897958437796]]]], "centroids": [[-1.7782576384089088, 12.644519142888212, 10.28420893656715]], "h": 0.42259451294924866}, "mtl": {"face": 0}, "prop": ["159", "1", "188", "LWPolyline", "ANE", "8", "HIDDEN", "0", "25", "", "NULL", "Text", "NumLote", "7", "0", "149", "Planta de Síntese_base$0$S3", "149", "123,47651840455507", "952,2431434621475"], "lh": 0.0}]}